Workbook
Name Slicer_Month: #N/A
Name Slicer_Payment_Status: #N/A
Name Slicer_Provider_Name: #N/A

Sheet Providers_Master
A1: Provider_ID | B1: Provider_Name | C1: Contact_Email | D1: Contact_Number
A2: P101 | B2: Tata Power | C2: support@tatapower.com | D2: 9811111111
A3: P102 | B3: Adani Electricity | C3: help@adani.com | D3: 9822222222
A4: P103 | B4: BSES Rajdhani | C4: billing@bses.com | D4: 9833333333
A5: P104 | B5: Torrent Power | C5: support@torrent.com | D5: 9844444444
A6: P105 | B6: CESC Limited | C6: care@cesc.com | D6: 9855555555
A7: P106 | B7: Reliance Energy | C7: service@reliance.com | D7: 9866666666
A8: P107 | B8: NTPC Utility | C8: helpdesk@ntpc.com | D8: 9877777777
A9: P108 | B9: Green Energy Corp | C9: billing@greenenergy.com | D9: 9888888888
A10: P109 | B10: State Power Board | C10: info@spb.com | D10: 9899999999
A11: P110 | B11: Metro Electric | C11: care@metroelectric.com | D11: 9800000000

Sheet Sites_Master
A1: Site_ID | B1: Site_Name | C1: City | D1: Provider_ID | E1: Provider_Name
A2: S101 | B2: Gurgaon Office | C2: Gurgaon | D2: P101 | E2: =INDEX(Providers_Master!$B:$B,MATCH(D2,Providers_Master!$A:$A,0)) -> Tata Power
A3: S102 | B3: Delhi Warehouse | C3: Delhi | D3: P102 | E3: =INDEX(Providers_Master!$B:$B,MATCH(D3,Providers_Master!$A:$A,0)) -> Adani Electricity
A4: S103 | B4: Noida Branch | C4: Noida | D4: P103 | E4: =INDEX(Providers_Master!$B:$B,MATCH(D4,Providers_Master!$A:$A,0)) -> BSES Rajdhani
A5: S104 | B5: Mumbai Office | C5: Mumbai | D5: P104 | E5: =INDEX(Providers_Master!$B:$B,MATCH(D5,Providers_Master!$A:$A,0)) -> Torrent Power
A6: S105 | B6: Bangalore Hub | C6: Bangalore | D6: P105 | E6: =INDEX(Providers_Master!$B:$B,MATCH(D6,Providers_Master!$A:$A,0)) -> CESC Limited
A7: S106 | B7: Chennai Center | C7: Chennai | D7: P106 | E7: =INDEX(Providers_Master!$B:$B,MATCH(D7,Providers_Master!$A:$A,0)) -> Reliance Energy
A8: S107 | B8: Hyderabad Unit | C8: Hyderabad | D8: P107 | E8: =INDEX(Providers_Master!$B:$B,MATCH(D8,Providers_Master!$A:$A,0)) -> NTPC Utility
A9: S108 | B9: Pune Facility | C9: Pune | D9: P108 | E9: =INDEX(Providers_Master!$B:$B,MATCH(D9,Providers_Master!$A:$A,0)) -> Green Energy Corp
A10: S109 | B10: Kolkata Office | C10: Kolkata | D10: P109 | E10: =INDEX(Providers_Master!$B:$B,MATCH(D10,Providers_Master!$A:$A,0)) -> State Power Board
A11: S110 | B11: Ahmedabad Plant | C11: Ahmedabad | D11: P110 | E11: =INDEX(Providers_Master!$B:$B,MATCH(D11,Providers_Master!$A:$A,0)) -> Metro Electric

Sheet Meter_Readings
A1: Month | B1: Site_ID | C1: Previous_Reading | D1: Current_Reading | E1: Lookup_Key | F1: Units_Consumed
A2: Jan | B2: S101 | C2: 10000 | D2: 10800 | E2: =A2&B2 -> JanS101 | F2: =D2-C2 -> 800
A3: Jan | B3: S102 | C3: 12000 | D3: 12950 | E3: =A3&B3 -> JanS102 | F3: =D3-C3 -> 950
A4: Jan | B4: S103 | C4: 8500 | D4: 9100 | E4: =A4&B4 -> JanS103 | F4: =D4-C4 -> 600
A5: Jan | B5: S104 | C5: 15000 | D5: 16050 | E5: =A5&B5 -> JanS104 | F5: =D5-C5 -> 1050
A6: Jan | B6: S105 | C6: 9200 | D6: 10020 | E6: =A6&B6 -> JanS105 | F6: =D6-C6 -> 820
A7: Jan | B7: S106 | C7: 11000 | D7: 11800 | E7: =A7&B7 -> JanS106 | F7: =D7-C7 -> 800
A8: Jan | B8: S107 | C8: 9800 | D8: 10650 | E8: =A8&B8 -> JanS107 | F8: =D8-C8 -> 850
A9: Jan | B9: S108 | C9: 14000 | D9: 14950 | E9: =A9&B9 -> JanS108 | F9: =D9-C9 -> 950
A10: Jan | B10: S109 | C10: 10200 | D10: 11100 | E10: =A10&B10 -> JanS109 | F10: =D10-C10 -> 900
A11: Jan | B11: S110 | C11: 12500 | D11: 13450 | E11: =A11&B11 -> JanS110 | F11: =D11-C11 -> 950
A12: Feb | B12: S101 | C12: 10800 | D12: 11650 | E12: =A12&B12 -> FebS101 | F12: =D12-C12 -> 850
A13: Feb | B13: S102 | C13: 12950 | D13: 13850 | E13: =A13&B13 -> FebS102 | F13: =D13-C13 -> 900
... A61: Jun | B61: S110 | C61: 17150 | D61: 18250 | E61: =A61&B61 -> JunS110 | F61: =D61-C61 -> 1100

Sheet Pivot_Report
A1: Row Labels | B1: Sum of Bill_Amount | K1: Row Labels | L1: Sum of Bill_Amount
A2: Apr | B2: 72960 | K2: Overdue | L2: 218400
A3: Feb | B3: 68960 | K3: Paid | L3: 142960
A4: Jan | B4: 69360 | K4: Pending | L4: 83360
A5: Jun | B5: 83360 | K5: Grand Total | L5: 444720
A6: Mar | B6: 71040
A7: May | B7: 79040
A8: Grand Total | B8: 444720
A13: Row Labels | B13: Sum of Units_Consumed
A14: Torrent Power | B14: 6650
A15: Green Energy Corp | B15: 5950
A16: Metro Electric | B16: 5750
A17: State Power Board | B17: 5720
A18: Adani Electricity | B18: 5650
A19: NTPC Utility | B19: 5550
A20: Reliance Energy | B20: 5450
A21: CESC Limited | B21: 5320
A22: Tata Power | B22: 5000
A23: BSES Rajdhani | B23: 4550
A24: Grand Total | B24: 55590

Sheet Electricity_Bills
A1: Bill_ID | B1: Month | C1: Site_ID | D1: Units_Consumed | E1: Bill_Amount | F1: Due_Date | G1: Payment_Status | H1: Provider_Name | I1: Amount_Paid | J1: Outstanding_Amount
A2: B1001 | B2: Jan | C2: S101 | D2: =INDEX(Meter_Readings!$F:$F,MATCH(B2&C2,Meter_Readings!$E:$E,0)) -> 800 | E2: =D2*8 -> 6400 | F2: 46032 | G2: =IF(I2>=E2,"Paid",IF(TODAY()>F2,"Overdue","Pending")) -> Paid | H2: =INDEX(Sites_Master!$E:$E,MATCH(C2,Sites_Master!$A:$A,0)) -> Tata Power | I2: =SUMIFS(Payments!$D:$D,Payments!$B:$B,A2) -> 6400 | J2: =E2-I2 -> 0
A3: B1002 | B3: Jan | C3: S102 | D3: =INDEX(Meter_Readings!$F:$F,MATCH(B3&C3,Meter_Readings!$E:$E,0)) -> 950 | E3: =D3*8 -> 7600 | F3: 46032 | G3: =IF(I3>=E3,"Paid",IF(TODAY()>F3,"Overdue","Pending")) -> Paid | H3: =INDEX(Sites_Master!$E:$E,MATCH(C3,Sites_Master!$A:$A,0)) -> Adani Electricity | I3: =SUMIFS(Payments!$D:$D,Payments!$B:$B,A3) -> 7600 | J3: =E3-I3 -> 0
A4: B1003 | B4: Jan | C4: S103 | D4: =INDEX(Meter_Readings!$F:$F,MATCH(B4&C4,Meter_Readings!$E:$E,0)) -> 600 | E4: =D4*8 -> 4800 | F4: 46032 | G4: =IF(I4>=E4,"Paid",IF(TODAY()>F4,"Overdue","Pending")) -> Overdue | H4: =INDEX(Sites_Master!$E:$E,MATCH(C4,Sites_Master!$A:$A,0)) -> BSES Rajdhani | I4: =SUMIFS(Payments!$D:$D,Payments!$B:$B,A4) -> 0 | J4: =E4-I4 -> 4800
A5: B1004 | B5: Jan | C5: S104 | D5: =INDEX(Meter_Readings!$F:$F,MATCH(B5&C5,Meter_Readings!$E:$E,0)) -> 1050 | E5: =D5*8 -> 8400 | F5: 46032 | G5: =IF(I5>=E5,"Paid",IF(TODAY()>F5,"Overdue","Pending")) -> Paid | H5: =INDEX(Sites_Master!$E:$E,MATCH(C5,Sites_Master!$A:$A,0)) -> Torrent Power | I5: =SUMIFS(Payments!$D:$D,Payments!$B:$B,A5) -> 8400 | J5: =E5-I5 -> 0
A6: B1005 | B6: Jan | C6: S105 | D6: =INDEX(Meter_Readings!$F:$F,MATCH(B6&C6,Meter_Readings!$E:$E,0)) -> 820 | E6: =D6*8 -> 6560 | F6: 46032 | G6: =IF(I6>=E6,"Paid",IF(TODAY()>F6,"Overdue","Pending")) -> Overdue | H6: =INDEX(Sites_Master!$E:$E,MATCH(C6,Sites_Master!$A:$A,0)) -> CESC Limited | I6: =SUMIFS(Payments!$D:$D,Payments!$B:$B,A6) -> 0 | J6: =E6-I6 -> 6560
A7: B1006 | B7: Jan | C7: S106 | D7: =INDEX(Meter_Readings!$F:$F,MATCH(B7&C7,Meter_Readings!$E:$E,0)) -> 800 | E7: =D7*8 -> 6400 | F7: 46032 | G7: =IF(I7>=E7,"Paid",IF(TODAY()>F7,"Overdue","Pending")) -> Paid | H7: =INDEX(Sites_Master!$E:$E,MATCH(C7,Sites_Master!$A:$A,0)) -> Reliance Energy | I7: =SUMIFS(Payments!$D:$D,Payments!$B:$B,A7) -> 6400 | J7: =E7-I7 -> 0
A8: B1007 | B8: Jan | C8: S107 | D8: =INDEX(Meter_Readings!$F:$F,MATCH(B8&C8,Meter_Readings!$E:$E,0)) -> 850 | E8: =D8*8 -> 6800 | F8: 46032 | G8: =IF(I8>=E8,"Paid",IF(TODAY()>F8,"Overdue","Pending")) -> Overdue | H8: =INDEX(Sites_Master!$E:$E,MATCH(C8,Sites_Master!$A:$A,0)) -> NTPC Utility | I8: =SUMIFS(Payments!$D:$D,Payments!$B:$B,A8) -> 0 | J8: =E8-I8 -> 6800
A9: B1008 | B9: Jan | C9: S108 | D9: =INDEX(Meter_Readings!$F:$F,MATCH(B9&C9,Meter_Readings!$E:$E,0)) -> 950 | E9: =D9*8 -> 7600 | F9: 46032 | G9: =IF(I9>=E9,"Paid",IF(TODAY()>F9,"Overdue","Pending")) -> Paid | H9: =INDEX(Sites_Master!$E:$E,MATCH(C9,Sites_Master!$A:$A,0)) -> Green Energy Corp | I9: =SUMIFS(Payments!$D:$D,Payments!$B:$B,A9) -> 7600 | J9: =E9-I9 -> 0
A10: B1009 | B10: Jan | C10: S109 | D10: =INDEX(Meter_Readings!$F:$F,MATCH(B10&C10,Meter_Readings!$E:$E,0)) -> 900 | E10: =D10*8 -> 7200 | F10: 46032 | G10: =IF(I10>=E10,"Paid",IF(TODAY()>F10,"Overdue","Pending")) -> Overdue | H10: =INDEX(Sites_Master!$E:$E,MATCH(C10,Sites_Master!$A:$A,0)) -> State Power Board | I10: =SUMIFS(Payments!$D:$D,Payments!$B:$B,A10) -> 0 | J10: =E10-I10 -> 7200
A11: B1010 | B11: Jan | C11: S110 | D11: =INDEX(Meter_Readings!$F:$F,MATCH(B11&C11,Meter_Readings!$E:$E,0)) -> 950 | E11: =D11*8 -> 7600 | F11: 46032 | G11: =IF(I11>=E11,"Paid",IF(TODAY()>F11,"Overdue","Pending")) -> Paid | H11: =INDEX(Sites_Master!$E:$E,MATCH(C11,Sites_Master!$A:$A,0)) -> Metro Electric | I11: =SUMIFS(Payments!$D:$D,Payments!$B:$B,A11) -> 7600 | J11: =E11-I11 -> 0
A12: B1011 | B12: Feb | C12: S101 | D12: =INDEX(Meter_Readings!$F:$F,MATCH(B12&C12,Meter_Readings!$E:$E,0)) -> 850 | E12: =D12*8 -> 6800 | F12: 46063 | G12: =IF(I12>=E12,"Paid",IF(TODAY()>F12,"Overdue","Pending")) -> Paid | H12: =INDEX(Sites_Master!$E:$E,MATCH(C12,Sites_Master!$A:$A,0)) -> Tata Power | I12: =SUMIFS(Payments!$D:$D,Payments!$B:$B,A12) -> 6800 | J12: =E12-I12 -> 0
A13: B1012 | B13: Feb | C13: S102 | D13: =INDEX(Meter_Readings!$F:$F,MATCH(B13&C13,Meter_Readings!$E:$E,0)) -> 900 | E13: =D13*8 -> 7200 | F13: 46063 | G13: =IF(I13>=E13,"Paid",IF(TODAY()>F13,"Overdue","Pending")) -> Overdue | H13: =INDEX(Sites_Master!$E:$E,MATCH(C13,Sites_Master!$A:$A,0)) -> Adani Electricity | I13: =SUMIFS(Payments!$D:$D,Payments!$B:$B,A13) -> 0 | J13: =E13-I13 -> 7200
... A61: B1060 | B61: Jun | C61: S110 | D61: =INDEX(Meter_Readings!$F:$F,MATCH(B61&C61,Meter_Readings!$E:$E,0)) -> 1100 | E61: =D61*8 -> 8800 | F61: 46183 | G61: =IF(I61>=E61,"Paid",IF(TODAY()>F61,"Overdue","Pending")) -> Pending | H61: =INDEX(Sites_Master!$E:$E,MATCH(C61,Sites_Master!$A:$A,0)) -> Metro Electric | I61: =SUMIFS(Payments!$D:$D,Payments!$B:$B,A61) -> 7600 | J61: =E61-I61 -> 1200

Sheet Lists
A1: Payment_Status
A2: Paid
A3: Pending
A4: Overdue

Sheet Payments
A1: Payment_ID | B1: Bill_ID | C1: Payment_Date | D1: Amount_Paid
A2: P001 | B2: B1001 | C2: 46031 | D2: 6400
A3: P002 | B3: B1002 | C3: 46030 | D3: 7600
A4: P003 | B4: B1004 | C4: 46031 | D4: 8400
A5: P004 | B5: B1006 | C5: 46031 | D5: 6400
A6: P005 | B6: B1008 | C6: 46030 | D6: 7600
A7: P006 | B7: B1010 | C7: 46031 | D7: 7600
A8: P007 | B8: B1011 | C8: 46061 | D8: 6800
A9: P008 | B9: B1013 | C9: 46062 | D9: 5600
A10: P009 | B10: B1014 | C10: 46061 | D10: 8400
A11: P010 | B11: B1016 | C11: 46062 | D11: 6400
A12: P011 | B12: B1018 | C12: 46061 | D12: 7600
A13: P012 | B13: B1020 | C13: 46062 | D13: 7600
... A34: P033 | B34: B1060 | C34: 46182 | D34: 7600

Sheet Billing_Discrepancies
